model,best_epoch,best_val_acc,test_loss,test_acc
vgg_a,40,0.86,0.5127688947677612,0.8481
vgg_a_bn,31,0.8924,0.44668878931999206,0.8833
